<?xml version="1.0" encoding="utf-8"?>
<extension type="component" version="1.6.0" method="upgrade">
    <name>com_feteapp</name>
    <creationDate>2013-04-29</creationDate>
    <copyright>Copyright (C) 2013. All rights reserved.</copyright>
    <license>GNU General Public License version 2 or later; see LICENSE.txt</license>
    <author>yogendra9891</author>
    <authorEmail>yogendra.singh@daffodilsw.com</authorEmail>
    <authorUrl>http://</authorUrl>
    <version>1.0.0</version>
    <description>feteapp for management of event type, music type, dress code and payment handling.</description>
    
    <install> <!-- Runs on install -->
        <sql>
            <file driver="mysql" charset="utf8">sql/install.mysql.utf8.sql</file>
        </sql>
    </install>
    <uninstall> <!-- Runs on uninstall -->
        <sql>
            <file driver="mysql" charset="utf8">sql/uninstall.mysql.utf8.sql</file>
        </sql>
    </uninstall>

    <files folder="site">
        <filename>index.html</filename>
        <filename>feteapp.php</filename>
        <filename>controller.php</filename>
        <filename>router.php</filename>
        <folder>views</folder>
        <folder>models</folder>
        <folder>controllers</folder>
        <folder>helpers</folder>
    </files>
    <languages folder="site">
        <language tag="en-GB">language/en-GB.com_feteapp.ini
        </language>
    </languages>
    <administration>
        <menu img="components/com_feteapp/assets/images/s_com_feteapp.png" >COM_FETEAPP</menu>
        <submenu>
            
			<menu link="option=com_feteapp&amp;view=eventtypes" view="eventtypes" img="components/com_feteapp/assets/images/s_eventtypes.png" alt="Feteapp/Eventtypes">COM_FETEAPP_TITLE_EVENTTYPES</menu>

			<menu link="option=com_feteapp&amp;view=musictypes" view="musictypes" img="components/com_feteapp/assets/images/s_musictypes.png" alt="Feteapp/Musictypes">COM_FETEAPP_TITLE_MUSICTYPES</menu>

			<menu link="option=com_feteapp&amp;view=dresscodes" view="dresscodes" img="components/com_feteapp/assets/images/s_dresscodes.png" alt="Feteapp/Dresscodes">COM_FETEAPP_TITLE_DRESSCODES</menu>

        </submenu>
        <files folder="administrator">
            <filename>access.xml</filename>
            <filename>config.xml</filename>
            <filename>controller.php</filename>
            <filename>index.html</filename>
            <filename>feteapp.php</filename>
            <folder>controllers</folder>
            <folder>assets</folder>
            <folder>helpers</folder>
            <folder>models</folder>
            <folder>sql</folder>
            <folder>tables</folder>
            <folder>views</folder>
        </files>
        <languages folder="administrator">
            
			<language tag="en-GB">language/en-GB.com_feteapp.ini</language>
			<language tag="en-GB">language/en-GB.com_feteapp.sys.ini</language>
        </languages>
    </administration>
</extension>
<!-- Component built by the Joomla Component Creator -->
<!-- http://www.notwebdesign.com/joomla-component-creator/ -->
